,origin_lat,origin_lon,destination_lat,destination_lon
0,42.3736,-71.1097,42.390828514021734,-71.14078918180779
1,42.375043855824075,-71.11750551458466,42.367154469993636,-71.07471091030317
2,42.390828514021734,-71.14078918180779,42.36624767670005,-71.105134571478
